id,role,user_name,display_name,details,password_hash
1,Warehouse Admin,robertsstacy,Curtis Johnson,18,5770dfc93995659536ba2d315c6ef619
2,Warehouse Admin,laurendavis,Melissa Williams,46,e5b05daaf4f96d7ae139e07479492158
3,Warehouse Admin,kmathis,Nicholas Jacobson,18,4f5dc60f84711729532f55ccc743061d
4,Warehouse Admin,hansongary,Adrienne Trujillo,41,8e9a71b5563adc5fd20756cfc49bc3b5
5,Seller,john05,French and Sons,Right account business fight. Somebody agency by these. Statement similar four send environmental past main. Created on: 1991-09-17.,8c52be5b4213b9927ee5d5ae35e65580
6,Customer,roneill,Jimmy Guerra,"711 Amy Inlet Apt. 867, Wongport, NH 55362",9327e12592a4b49543597856c1773b5e
7,Warehouse Admin,bishopbeth,Joseph Baker,31,f17b87a71791a6f40d9ce4858753aa9f
8,Seller,richard21,"Brown, Smith and Smith",Mrs hour various democratic generation national use. Happy hope material. See middle expect same suggest less writer. Created on: 2004-09-16.,1e5685a4724090f64b66b5326866513a
9,Customer,smithbridget,Rebecca Evans,"73316 Tyler Corner Suite 336, Amyshire, HI 81467",9ef070328cb6015da7493bb088d66911
10,Customer,zbutler,Tami Carson,"1156 Hodges Road Suite 658, North Tracyside, TX 67480",64b89eabb9e234a415e6cada378953cd
11,Seller,ofrank,"Walters, Foster and Miller",Good customer responsibility high husband collection. Set second some glass star worker remember. If rather brother. Created on: 1987-02-17.,0fb6b6f91c80d744cb3cbb35b562f230
12,Customer,mario30,Robert Arroyo,"34303 Martin Flat Apt. 750, East Josephborough, DC 25773",a6ae2ea419c5a4f7be81e549e2b9332f
13,Customer,donnarussell,Anthony Owens DDS,"PSC 2341, Box 0389, APO AE 95594",c9e5bbd8c1588a0d48b1c201a2346cc8
14,Warehouse Admin,dpalmer,Randy Smith,5,34d562c72271ec7199f623d8b7ab8c45
15,Seller,ramseywilliam,Williams-Jenkins,Than then light have possible anyone. Job number wrong now hard consumer. Stop nation part bring local production air across. Created on: 2020-10-08.,ea192b7e43cef1561d625c70666f3f1e
16,Seller,mcmahonashley,Gomez-Walter,Girl require economic. Machine car wife factor charge. Created on: 2011-07-24.,7c373feee90588d170d9885da54e72f4
17,Warehouse Admin,oanderson,Brent Jones,2,46828b5d71a27a76cea49b930e113ad4
18,Customer,laura17,Vanessa Tucker,"068 Michael Ford Suite 867, Chungfort, TX 58550",bcc6effd68827fc10051bb840c42600f
19,Customer,dorothy28,Allen Martinez,"317 Griffith Village, South Michaelbury, CT 16521",57b4cf3af468baa5581bd20504bda678
20,Warehouse Admin,andersonalbert,Michelle Lin,7,f5011924229a2e7ee72824e05af81380
21,Warehouse Admin,stricklandmargaret,Brandon Gonzalez,18,ada7c2b6b4d2606b4bf7eeffe1f4704f
22,Warehouse Admin,sanchezdaniel,Heather White,19,c670896583e9617891da912cc5b224b2
23,Seller,johnny69,Moore Group,Say figure song image particular sometimes event. Week time church public ok. Effect hour necessary threat music miss door. Created on: 1971-08-06.,a1dc7d15a81917df1f3db38c95c9d410
24,Warehouse Admin,leedennis,Katie Strong,36,a4c6a60c517210f5c6d0509715ef49ad
25,Warehouse Admin,sdavis,Jesse Cross,14,a3c101de51d3935dff0c55110ee5210f
26,Seller,weavergilbert,Brown LLC,Black loss have technology suddenly well. Wall mean mouth young could. Interest sea young run wrong. Created on: 2011-07-29.,d02da8e5e1890d6c5294f541fd8c4c3d
27,Customer,allen82,Crystal Henry,"838 Berry Inlet, South Sara, CO 38997",ce62444176539ba1a01f87f54c159c0b
28,Seller,joneslance,Watkins-Rodriguez,Particularly yes morning less. Public benefit which reflect clearly. Created on: 2006-06-13.,9ef04810f7755dc8aa7ac943f8a1f6ef
29,Warehouse Admin,xrivera,Michael Moore,40,eb3497460b655c5e7f4727c8ec429bbb
30,Customer,qsantos,Stephanie Mccann,"0538 Garcia Curve, North Alison, RI 71461",2c956f6cf766ccb721413b6f39af1f37
31,Warehouse Admin,lindsey38,Neil Schroeder,32,745c73be1c0c0567009292e42272a0cc
32,Customer,whitecynthia,Jonathan Campbell,"3803 Mccann Street Apt. 039, Millerhaven, AL 91944",95db6cae63a87c77b2fe3a4c4bb5cbe3
33,Seller,stevenrobertson,Johnson Ltd,Form art light security. Magazine group under little organization see. Created on: 1973-01-16.,cbe150a02492e8579726d04226d6c2fc
34,Seller,epearson,Foster Inc,Try whatever my cost region maintain. People at claim personal center reality try. Wish conference nation let. Created on: 2014-06-30.,9bddfbad2a55f9556922af480ef1f6e0
35,Seller,brownmark,"Huynh, Hernandez and Bates",On old prove fact trip big. Us show back pick decision reality director. Created on: 1997-11-03.,9b9d581a748b289762189e190a184d24
36,Customer,ksavage,James Robles,"188 Suzanne Stravenue Apt. 047, Morganmouth, KS 16662",65f4103c3e77308dd82460355b6185e8
37,Customer,mosleystephanie,Ashley Sheppard,"USCGC Austin, FPO AA 44865",cba9e338522d666d1bc22e694ad493ed
38,Seller,johnanderson,Simon-Donaldson,Tree threat employee notice bed. War including next treat. Created on: 2012-01-09.,08fffbb91efefcd4979b7ccb1f11ea14
39,Warehouse Admin,cortezbonnie,Brian Harris,50,3f8b01e6d33368e500425ad2407f8a90
40,Warehouse Admin,christopher15,David Hayes,45,2bdd925454b096462dea4d2f8b246f77
41,Seller,susanrodriguez,"Edwards, Bailey and Hall",For as I nation exist something. Thing data strategy within. Created on: 1983-12-12.,3131163162471485be801f4f4e650510
42,Customer,melissa70,Alicia Fernandez,"3251 Wilson Fall Suite 576, Dickersonburgh, GU 73293",8dd00f357ce980359fac150a4461406d
43,Warehouse Admin,kimberlylopez,Jennifer Bradshaw,38,69bb8058d31dd281b53fd4d9799e85a7
44,Customer,rebecca94,Julie Estrada,"3051 Mark Forges Apt. 344, Hudsonchester, VA 82765",0702c88c3b58ebf6c3d536b27835a2fa
45,Customer,david20,Ryan Torres,"57956 Parks Spring Suite 437, New Justinborough, HI 78964",49286c3c13c92a62d51dfcd069fa62c5
46,Warehouse Admin,lauren82,Michele Clayton,18,2de7dd36cebdba7df9a427ac758ebf44
47,Warehouse Admin,xdunn,Diana Olson,32,f0d1e073890f804a3af2044dda98c4d8
48,Customer,bradleytyler,Carolyn Summers,"76724 Boyd Ports, Kevintown, WI 81922",613829d10c9cbf71d872ca9942ca4379
49,Customer,panderson,Trevor Morales,"250 Brenda Run, South Todd, MT 69501",dc570e03ac77301d7b2f92185e0ed5ae
50,Seller,dprice,Williams Ltd,Thousand although decade small fine. Land check else treat century. Created on: 2019-05-03.,97de4d07c59c94ca8234f8da19f904cf
51,Seller,timothy37,Allen PLC,Culture ever story section. Kind product exist consider poor speech there. Created on: 2003-04-25.,ba615b531bcc382bb827c7e19586e9f3
52,Seller,charlotte68,Ross LLC,Bill particular want politics national. Oil control school. Fill hair game old discussion future. Created on: 2005-02-21.,0cd954b4799a7912214fc9e7c16bea99
53,Warehouse Admin,psummers,Crystal Downs,15,bcfd7c3865a7f4c15e219786a9c75e24
54,Customer,lindsay34,Christopher Baker,"8979 Fisher Plaza, Garyside, NJ 05113",129012e6cca6150f7cf6c8fca5a57967
55,Seller,lawrencephillips,"Hernandez, Joseph and Cochran",Main avoid green important between. Outside director hundred. Created on: 1989-04-13.,cf869191674106d40bd5dbdc576e52ac
56,Customer,mjohnson,John Griffin,"2501 Kimberly Trafficway, Devinview, MO 89427",d8110eddf3d7c95b167784bf8619236c
57,Seller,baileycaitlin,"Thompson, Garcia and Gonzalez",Wish memory set. Recognize organization particularly. Created on: 2017-07-09.,bc13f1ce005a5a0e31194c5079213c0d
58,Warehouse Admin,donald77,Calvin Lee,16,4862e7304f25430b9011b631010918b9
59,Customer,zimmermancraig,Brett Wilkins,"88890 Hodges Port, New Drewville, WY 06614",4e9f8ab01081a6c93d9cf9effc17690b
60,Seller,levineapril,Medina PLC,Art style choice owner word score. Better since plan ability floor drop certainly. Certain me church day American forward successful. Created on: 2012-12-31.,2aa650835fb6f286b093d22b958cc11b
61,Warehouse Admin,rileypatel,Phillip Maxwell,9,1faa04e1cdb1e96804e5a07479128332
62,Seller,donnaparrish,"Wilson, Li and Cruz",Condition computer development explain Mrs. Soon partner program current suddenly fund. Created on: 2015-10-29.,a68856fec54280952ad310e45ee5b4eb
63,Customer,elizabeth54,Betty Smith,"97721 Bernard Walk, Conwayberg, LA 28065",a667c51b0844e8f8ecf6a4d90af34f49
64,Seller,gregory05,Allen and Sons,Again focus stay provide another. Job bed economic source final far question movement. Created on: 1993-03-05.,c60d303e74190f2eea7f27fd783299af
65,Customer,jhill,David Pope,"41439 Christopher Green Apt. 143, West Jamesstad, NV 36736",d8468d4f2f50feff6a8fcb4fb9d6e04f
66,Seller,smithjessica,Williams PLC,Series institution interesting light scene trade. Machine great big. Created on: 1983-08-14.,538ebbee8e0d30fbf2802365fe8dc674
67,Seller,tgates,Kirby-Dominguez,Hundred produce condition ago such prove high. Only husband successful interesting. Expert responsibility generation loss none couple culture. Created on: 2014-02-12.,2cc7857745f2d4aadbff54abd3d011f9
68,Customer,davistina,Jennifer Hernandez,"970 Matthew Union Apt. 199, Lake Kimberlymouth, MA 49655",f830b906d34026584d39cb5c337e3bbf
69,Customer,hailey76,Allison Ward,"241 Patricia Loop Apt. 670, New Morganside, HI 19615",363ea5920dd4a66710c1b459d58eada5
70,Warehouse Admin,phillipscurtis,Tanya Howell,50,b09cf08434350bea5111da912814165e
71,Seller,josephmurphy,"Copeland, Wallace and Hernandez",Third reality method try push call effort spend. Able its describe. Factor stop yes product. Created on: 1983-06-12.,47b233229f1e15d8ce66b10d728fc1d6
72,Warehouse Admin,georgeferrell,Anna Cruz,43,d3e328655fb957afed1ac1ccf9338d53
73,Seller,ajoseph,"Padilla, Moore and Bowen",Between response difficult people sea yard check. Work add little kid prove. Created on: 1987-07-28.,7ba498e3a0fe8e3009f9fb7d023bb3af
74,Seller,joanbryant,"Callahan, Hoffman and Boyd",Why across drug discuss me ten up. Created on: 2004-02-11.,6dda1343a643750e96f2e9704cdcc95f
75,Seller,millerbarbara,Wood-Lloyd,You there foot they prevent spring shoulder modern. Break beautiful debate son product should trip. Service our statement local bad join whose different. Created on: 2022-05-13.,3e51ec77571df0ac1dcfe23f062abbec
76,Warehouse Admin,karenrodriguez,Jacob Johnson,12,86005d7d913eda65e7536c5e555a5dbd
77,Warehouse Admin,greenrichard,Mrs. Andrea Simon,46,4cde4a97be8e5de42e595696918f942f
78,Warehouse Admin,econrad,Maria Watson,50,5881f704f881ee760db14f6b8dfdfbf1
79,Customer,aaronwillis,Nancy Jones,"46261 James Burg Suite 607, Smithtown, HI 72611",6cb3eaec68876416a5beb229ca0325ab
80,Customer,kathryngonzalez,Susan Johnson,"3989 Guzman Underpass, North Lisachester, ND 75555",24adbdb983c7718282f4faeb1e051add
81,Warehouse Admin,burnettamy,Lisa Davila,37,2665da7e16de1f00252f3a458b8d2a0d
82,Seller,lauraking,Phillips LLC,Hot feeling artist full news. Certain me between. Write once name force. Created on: 1983-05-25.,c4709b2169358c2632444d28da9fdf5e
83,Customer,sheilamcgrath,Warren Craig,"2388 Michael Stravenue Apt. 501, South Kimberlymouth, VT 24759",5eee3b0bfc6e8a66026a60e2ae11466b
84,Seller,gjenkins,Harrington-Rodriguez,Federal letter short support themselves former successful. Easy build poor evidence memory rest. Created on: 2017-09-30.,79342e1663e80be6b18541944760bbe5
85,Customer,ashlee52,Courtney Smith,"3344 Richard Rue Apt. 912, Maldonadobury, VI 21002",5a963269ed29a82705ea0ca5b905c911
86,Warehouse Admin,robertharrington,Amanda Dean,50,576c5aae9ac447fe569fbf43d7aaac73
87,Warehouse Admin,garciajonathan,Anne Tran,27,72ca436f3a01cd667e04eb431dd83125
88,Warehouse Admin,greyes,Emily Johnston,48,965adcd52d1e045110ab14e16710eb08
89,Seller,kelly80,Day PLC,Value perform pressure hospital always. Your goal pull arm. Created on: 1981-03-09.,fbb4119152dd68c56d7d764222ecc8ab
90,Customer,hannahmcmillan,Lynn Jones,"582 Sharon Island, South Patrickborough, NM 84955",bed8600840db1fdbbc26f3b462513660
91,Warehouse Admin,david23,Monica Taylor,37,f5d58903a0219b897dbcb4312aadcf6f
92,Customer,hrodriguez,Steven Chavez,"1109 Corey Prairie, East Kimberlyfurt, KS 47410",1db6e612401a02b84580f0e02b75e807
93,Customer,lhernandez,Hector Green,"7828 Erin Motorway Apt. 588, Heathermouth, NH 01706",30fd00de521f06e0d3d73f7c67dcd443
94,Seller,leonardmichael,Spencer and Sons,Daughter participant go along. Created on: 2021-07-06.,7e175f9e141bf938f81f4e74a0dd6ae1
95,Seller,james31,"Preston, Cuevas and Gillespie",Admit step trouble entire difficult serve development. Success test character woman car physical. Created on: 1998-08-17.,7150e3cbb2d109074193eb5003e70bd3
96,Customer,johnbrady,Cynthia Martinez,"8883 Bennett Manors, North Alyssatown, AK 08043",501a5c2c1bf7945dec8e9a8746ec3332
97,Customer,leslie27,Jill Wright,"22639 Alexandra Roads, Cameronborough, NM 52115",43db184dfea59a6542a724ba43aa620c
98,Customer,cbradford,Michele Davidson,"696 Megan Street, Port Savannah, DC 77474",061f7ed6589bfe5a500bae2d8c7d102b
99,Seller,uhinton,Rhodes-Simpson,As less industry. Author end away that price staff. Effort themselves available improve. Created on: 1976-08-21.,118fcfaa8d3a54d47a97476b1cbebf79
100,Seller,jonesrobert,Murphy-Patton,Decision onto always spring glass high. Fire across campaign matter. Created on: 2011-05-09.,afe9b7f3d51666d64c3df7054ab0796a
